-- Inserting data into assignment.customers table
-- Inserting data into assignment.customers table
INSERT INTO assignments.customers (customer_id, first_name, last_name, email, phone_number, registration_date, membership_status)
VALUES
    (1, 'Karen', 'Molina', 'gonzalezkimberly@glass.com', '(728)697-1206', '2020-08-27', 'Bronze'),
    (2, 'Elizabeth', 'Archer', 'tramirez@gmail.com', '778.104.6553', '2023-08-28', 'Silver'),
    (3, 'Roberta', 'Massey', 'davislori@gmail.com', '+1-365-606-7458x399', '2024-06-12', 'Bronze'),
    (4, 'Jacob', 'Adams', 'andrew72@hotmail.com', '246-459-1425x462', '2023-02-10', 'Gold'),
    (5, 'Cynthia', 'Lowery', 'suarezkiara@ramsey.com', '001-279-688-8177x4015', '2020-11-13', 'Silver'),
    (6, 'Emily', 'King', 'igoodwin@howard.com', '(931)575-5422x5900', '2021-05-01', 'Silver'),
    (7, 'Linda', 'Larsen', 'pware@yahoo.com', '289-050-2028x7673', '2021-08-20', 'Silver'),
    (8, 'Angela', 'Hanson', 'zanderson@gmail.com', '+1-403-917-3585', '2023-03-17', 'Bronze'),
    (9, 'Whitney', 'Wilson', 'norma70@yahoo.com', '001-594-317-6656', '2024-01-27', 'Bronze'),
    (10, 'Angela', 'Atkins', 'burnsjorge@medina.org', '344.217.5788', '2025-02-05', 'Silver'),
    (11, 'Gary', 'Lucero', 'ssnyder@hotmail.com', '001-842-595-7853', '2024-10-08', 'Silver'),
    (12, 'Matthew', 'Romero', 'jennifer22@gmail.com', '556.328.91896', '2022-04-07', 'Bronze'),
    (13, 'Ronald', 'Thompson', 'hramos@hayes.biz', '298-487-2483', '2023-07-31', 'Bronze'),
    (14, 'Suzanne', 'Anderson', 'michaelcole@ruiz-ware.com', '+1-018-029-7257', '2023-11-02', 'Bronze'),
    (15, 'Mary', 'Kelly', 'matthewmurphy@gmail.com', '(845)934-9x286', '2021-01-20', 'Bronze'),
    (16, 'John', 'George', 'burnettlauren@gmail.com', '+1-708-200-4286', '2022-05-17', 'Bronze'),
    (17, 'James', 'Rodriguez', 'brownbrian@blair-sanford.com', '8826047658', '2022-11-25', 'Gold'),
    (18, 'Steven', 'Burnett', 'zblackburn@yahoo.com', '(055)912-6726x1246', '2020-01-28', 'Gold'),
    (19, 'Jonathan', 'White', 'millsseth@choi-kelly.org', '755-979-1934x772', '2022-02-06', 'Bronze'),
    (20, 'Christopher', 'Santiago', 'heidimaddox@hotmail.com', '118-589-6973x058', '2021-10-16', 'Silver'),
    (21, 'John', 'Diaz', 'gsmith@hotmail.com', '369.915.4337', '2022-09-17', 'Gold'),
    (22, 'Curtis', 'Rose', 'ryanmartinez@moore.com', '(921)461-2128', '2021-12-14', 'Bronze'),
    (23, 'Charles', 'Hughes', 'jonesangela@frank-lynn.com', '(152)603-5387x8994', '2024-07-29', 'Silver'),
    (24, 'Sarah', 'Cooke', 'whitedennis@tucker.org', '(641)830-6756x56741', '2024-12-15', 'Bronze'),
    (25, 'Luis', 'Harrison', 'melvin70@gmail.com', '516.509.9493', '2021-08-19', 'Silver'),
    (26, 'Annette', 'Greene', 'aaron68@hall.com', '(733)734-1847x1078', '2025-04-12', 'Bronze'),
    (27, 'Melissa', 'Jacobson', 'becklarry@gmail.com', '562-245-7784x4729', '2023-04-28', 'Bronze'),
    (28, 'Julie', 'Gardner', 'adamsrodney@hall.com', '+1-014-029-3206x188', '2024-03-31', 'Gold'),
    (29, 'Margaret', 'Taylor', 'lfuller@hotmail.com', '(299)340-8900x297', '2021-09-06', 'Bronze'),
    (30, 'Erika', 'Mckee', 'wsmith@gmail.com', '(160)040-7321', '2021-05-25', 'Silver'),
    (31, 'Donna', 'Whitney', 'justinnicholson@gmail.com', '7086491657', '2022-08-07', 'Gold'),
    (32, 'Kristina', 'Wade', 'ashley30@richards-young.com', '603-604-2831x303', '2024-03-16', 'Silver'),
    (33, 'Joshua', 'Green', 'ihartman@yahoo.com', '988-232-8285x00933', '2024-05-14', 'Silver'),
    (34, 'John', 'Leblanc', 'herickson@green.info', '229.016.2527x20209', '2022-12-24', 'Silver'),
    (35, 'Nicholas', 'Campbell', 'ghernandez@hotmail.com', '(982)215-6626', '2022-06-06', 'Gold'),
    (36, 'Christopher', 'Hicks', 'ryan48@gmail.com', '884.881.7758', '2021-04-03', 'Silver'),
    (37, 'Craig', 'Miller', 'scampbell@johnson.net', '390-328-7286x021', '2024-04-30', 'Silver'),
    (38, 'Jennifer', 'Bailey', 'dwright@hotmail.com', '001-992-011-9250', '2022-09-07', 'Silver'),
    (39, 'Emma', 'Davis', 'lisalester@hotmail.com', '911.706.3025', '2021-06-04', 'Gold'),
    (40, 'Michael', 'Wilson', 'lmerritt@wallace-wang.com', '462.021.3233', '2025-01-14', 'Bronze'),
    (41, 'Sarah', 'Church', 'deniseramos@gmail.com', '(840)285-3653x61868', '2021-03-14', 'Silver'),
    (42, 'Carolyn', 'Stevenson', 'george62@garrison.net', '040.179.1155', '2024-07-26', 'Silver'),
    (43, 'Sarah', 'Cole', 'amandamartin@hotmail.com', '481-651-5206x4800', '2024-07-27', 'Silver'),
    (44, 'Jeremiah', 'Lozano', 'bethany38@lopez.net', '846-327-7426', '2023-01-02', 'Bronze'),
    (45, 'Leslie', 'Boyd', 'cartermorgan@scott-franco.com', '+1-583-786-3525', '2022-10-22', 'Silver'),
    (46, 'Carrie', 'Anderson', 'stevenlivingston@yahoo.com', '+1-086-709-5530x6149', '2024-08-23', 'Gold'),
    (47, 'Jared', 'Davis', 'mooretodd@cook.com', '001-069-544-8807x2397', '2022-08-29', 'Bronze'),
    (48, 'James', 'Soto', 'patriciaburns@yahoo.com', '129.857.8193x421', '2023-01-27', 'Gold'),
    (49, 'Cody', 'Kline', 'bradfordleslie@hotmail.com', '+1-710-706-3703x7998', '2022-06-28', 'Bronze'),
    (50, 'Jennifer', 'Perkins', 'austinowens@hill.info', '762.009.1882', '2020-10-19', 'Silver');

-- Inserting data into assignment.Products table
INSERT INTO assignments.products (product_id, product_name, category, price, supplier, stock_quantity)
VALUES
    (1, 'Laptop', 'Electronics', 999.99, 'Dell', 50),
    (2, 'Smartphone', 'Electronics', 799.99, 'Samsung', 150),
    (3, 'Washing Machine', 'Appliances', 499.99, 'LG', 30),
    (4, 'Headphones', 'Accessories', 199.99, 'Sony', 100),
    (5, 'Refrigerator', 'Appliances', 1200.00, 'Whirlpool', 40),
    (6, 'Smart TV', 'Electronics', 1500.00, 'Samsung', 20),
    (7, 'Microwave', 'Appliances', 180.00, 'Panasonic', 75),
    (8, 'Blender', 'Appliances', 50.00, 'Ninja', 200),
    (9, 'Gaming Console', 'Electronics', 350.00, 'Sony', 60),
    (10, 'Wireless Mouse', 'Accessories', 25.00, 'Logitech', 300),
    (11, 'Keyboard', 'Accessories', 49.99, 'Logitech', 250),
    (12, 'Monitor', 'Electronics', 250.00, 'Acer', 120),
    (13, 'External Hard Drive', 'Electronics', 80.00, 'Seagate', 90),
    (14, 'Tablet', 'Electronics', 400.00, 'Apple', 70),
    (15, 'Smartwatch', 'Electronics', 199.99, 'Apple', 120);

-- Inserting data into assignment.Sales table
INSERT INTO assignments.sales (sale_id, customer_id, product_id, quantity_sold, sale_date, total_amount)
VALUES
    (1, 1, 1, 1, '2023-07-15', 999.99),
    (2, 2, 2, 2, '2023-08-20', 1599.98),
    (3, 3, 3, 1, '2023-09-10', 499.99),
    (4, 4, 4, 3, '2023-07-25', 599.97),
    (5, 5, 5, 1, '2023-06-18', 1200.00),
    (6, 6, 6, 1, '2023-10-05', 1500.00),
    (7, 7, 7, 1, '2023-08-01', 180.00),
    (8, 8, 8, 2, '2023-09-02', 100.00),
    (9, 9, 9, 1, '2023-10-10', 350.00),
    (10, 10, 10, 3, '2023-11-12', 75.00),
    (11, 11, 11, 2, '2023-12-01', 100.00),
    (12, 12, 12, 1, '2023-12-07', 250.00),
    (13, 13, 13, 1, '2024-01-15', 80.00),
    (14, 14, 14, 1, '2024-02-05', 400.00),
    (15, 15, 15, 1, '2024-01-05', 199.99);

-- Inserting data into assignment.Inventory table
INSERT INTO assignments.inventory (product_id, stock_quantity)
VALUES
    (1, 50),
    (2, 150),
    (3, 30),
    (4, 100),
    (5, 40),
    (6, 20),
    (7, 75),
    (8, 200),
    (9, 60),
    (10, 300),
    (11, 250),
    (12, 120),
    (13, 90),
    (14, 70),
    (15, 120);


